CustomerID,CustomerName,Region
1,Timothy Wilkerson,FL
2,Brian Henry,MA
3,Ashley Clark,RI
4,Victor Taylor,IA
5,Matthew Randall,NM
6,Tony Keith,NV
7,Craig Miller,NE
8,Amanda Scott,AK
9,Alexandra Brooks,MD
10,Mrs. Shannon Lopez,NM
11,Thomas Rosales,AZ
12,Lisa Stephens,CA
13,Courtney Todd,CO
14,Heather Green,NY
15,Shelly Perez,IN
16,Jessica Cortez,AL
17,Stephanie Knox,DC
18,Thomas Hurst,AL
19,Steven Lin,WI
20,Stephanie Davis,SC
21,Amy Lee,MD
22,Stacey Nguyen,KS
23,Jeremy Stewart,ME
24,Christian Vazquez,DC
25,Lisa Morris,IA
26,Michelle Hernandez,WI
27,Gregory Brock,HI
28,Raymond Gardner,KS
29,Bryan Perry,DE
30,Gregory Baker,NH
31,Vanessa Clements,VT
32,David Williams,DC
33,Caitlin Morrison,HI
34,James Morrow,NE
35,Elizabeth Morris,SC
36,Rachael Carter,KY
37,Robert Moore,KY
38,Jose Morales,PA
39,Michelle Ellis,RI
40,Monica Welch,ND
41,Melissa Burke,AL
42,Emily Reese,NH
43,Jodi Salazar,VT
44,Anna Rogers,DC
45,Eric Graham,WI
46,Robert Jones,KS
47,Jesse Kim,WI
48,Carrie Brady,MS
49,Savannah Randall,KY
50,Allison Johnson,NE
51,Edward Singh,FL
52,Tyler Ball,AZ
53,Misty Maldonado,CA
54,David Wilson,KY
55,Katherine Lopez,MS
56,Charles James,CT
57,Brenda Bennett,NY
58,Joshua George,OR
59,Megan Hall,VT
60,Jessica Roberts,AR
61,Heather Jones,OR
62,Maria Alexander,WA
63,John Thompson,VA
64,Melissa Sims,KS
65,Mark Romero,UT
66,Christopher Edwards,NY
67,Wayne Vargas,DC
68,Jean Morris,ME
69,Tina Martin,OR
70,Michelle Thomas,MO
71,Amanda Rodriguez,DE
72,Lee Smith,SD
73,Howard Rodriguez,AL
74,April Ryan,KY
75,Matthew Shaw,OH
76,Sara Walker,GA
77,Janet Schmitt,ME
78,Jodi Le,NE
79,Dylan Taylor,MI
80,Jasmine Rice,NM
81,Larry Anderson,TX
82,Rhonda Simpson,NJ
83,Karen Nguyen,ND
84,Michael Phillips,NJ
85,Melissa Jones,ND
86,Sylvia Montgomery,IN
87,Robin Todd,GA
88,Suzanne Porter,NH
89,Darlene Rodriguez,WI
90,Katherine Morgan,WA
91,Jason Griffith,HI
92,Ethan George,OH
93,Robert Robertson,MD
94,Colin Johnson,LA
95,Tyler Lewis,ME
96,Timothy Miller,VT
97,Terry Wang,WY
98,James Booker,MD
99,Allison Myers,RI
100,Briana Davis,NY
101,Brian Garrett,OR
102,Jennifer Bennett,OK
103,Mrs. Karen Duffy,UT
104,Lisa Stewart,NY
105,Terri Baker,MS
106,Chelsea Bennett,CO
107,John Avery,ID
108,Michelle Brown,CA
109,Deanna Holder,MI
110,Phillip Baker,MA
111,Todd Allen,KY
112,Alyssa Finley,DE
113,Mr. Douglas Robles Jr.,CT
114,Scott Berg,IA
115,Melinda Rogers,KS
116,Nathan Hopkins,DC
117,Chelsea Gomez,UT
118,Angelica Wood,NC
119,Monica Wright,ME
120,Nathan Dickerson,WA
121,Nicole Campbell,NH
122,Laura Ramirez,AK
123,Nicole Collins,HI
124,Stephanie Anderson,DC
125,Anthony Mcmillan,DC
126,Justin Campbell,KY
127,Tyler Rodriguez,IN
128,Chloe Garcia,AZ
129,Timothy Howard,MT
130,David Castro,ND
131,Damon Mata,MN
132,Michael Garcia,OK
133,Heather Collier,PA
134,Robert Baird,MI
135,Stephanie Blake,OR
136,Courtney Hughes,MO
137,Riley Pacheco,TX
138,Misty Terry,AZ
139,James Cisneros,WI
140,Pamela Kennedy,AL
141,Derek Jones,WA
142,Laurie Gonzalez,GA
143,Kevin Adams,HI
144,Sarah Oconnor,ID
145,Jessica Wright,IN
146,Anne Peterson,OH
147,Daniel Simpson,HI
148,Ashley Lynn,PA
149,Amy Davis,IL
150,Melinda Warner,OK
151,Anthony Jackson,CA
152,Jeffrey Jennings,NC
153,Samantha James,PA
154,Michelle English,NJ
155,David Gomez,LA
156,Barbara Smith,SC
157,Jordan Duran,MD
158,Sabrina Reed,NJ
159,Jacqueline Glover,NJ
160,Timothy Richmond,GA
161,James Miller,MI
162,Ryan Saunders,MS
163,Scott Cannon,IA
164,Colleen White,IL
165,Kyle Torres,OH
166,Jenna Herrera,CA
167,Anita Nguyen,MD
168,Rachel Howard,AK
169,Tommy Rhodes,UT
170,Matthew Mcintosh,NJ
171,Renee Taylor,MD
172,Dustin Duncan,KS
173,Joseph Wong,RI
174,Julie Hudson,HI
175,Jennifer Ford,NE
176,Sarah Valencia,NJ
177,Thomas Dillon,IL
178,Brittany Cunningham,WI
179,Cassandra Barron,VA
180,David Jenkins,WY
181,Mark Monroe,OH
182,Tamara Carter,NJ
183,Donald Johnson,MA
184,Timothy Hancock,AK
185,Kevin Johnson,NC
186,Jason Coleman,MI
187,Andrew Osborne,IN
188,Amber Shepard,WV
189,Kimberly Larson,OH
190,Donna Quinn,WY
191,Kathleen Campbell,NE
192,Terry Wheeler,TN
193,Sean Mitchell,CT
194,Scott Davis,HI
195,Judith Diaz,WA
196,Theresa Wood,WV
197,William Morrison,KY
198,Melissa Whitney,AR
199,Kimberly Campbell,MN
200,Blake Ruiz,IA
201,Andrea Rose,CA
202,Linda Galvan,SD
203,Amanda Ramos,DE
204,Benjamin Taylor,DC
205,Martha Peters,NY
206,Diana Cruz,WA
207,Stephen Mitchell,MN
208,Alexander Ramsey,LA
209,Anthony Martin,MS
210,Allen Brooks,KY
211,Mary Jones,OR
212,Dawn Lewis,IN
213,Maria Thornton,KY
214,William Rodriguez,CA
215,Angela Cohen,MS
216,Jordan Smith,SC
217,Deanna Davis,NC
218,Terri Brock,IA
219,Christina Underwood,HI
220,Miss Mandy Rodriguez,TX
221,Tamara Huerta,MT
222,Stephanie Black,VT
223,Edgar Jones,AZ
224,Matthew Osborne,MN
225,Anna Chen,IL
226,Miss Kathleen Cain DVM,AZ
227,April Williams,DC
228,Jose Davenport,AL
229,James Coleman,OH
230,Jimmy Solis,SC
231,Amy Robinson,WY
232,Karen Parker,IL
233,Kristen Higgins,NH
234,Tammy Ramirez,OH
235,Krista Franklin,WI
236,Jennifer Merritt,MS
237,Leah Jones,MS
238,Andrew Perry,HI
239,Robert Williams,NJ
240,Jeanette Hall,MT
241,Jessica Randolph,DE
242,Penny Taylor,TX
243,James Smith,LA
244,Katie Chang,IL
245,Debbie Cruz,AZ
246,Susan Yates,VA
247,Bradley Watson,WA
248,Valerie Hess,NE
249,Katherine Taylor,MS
250,Amanda Davis,CT
251,Catherine Johnson,TN
252,Mrs. Monica Lopez,PA
253,Karen Crawford,IA
254,Adam Berg,MA
255,Alyssa Young,NE
256,Michael Johnson,IA
257,Gabriel Pennington,CA
258,John Foster,KS
259,Adam Harper,IA
260,Jonathan Austin,NH
261,Justin Jones,OH
262,Jennifer Smith,NV
263,Robert Chang,UT
264,Drew Foley,NC
265,Ashley Heath,NC
266,Steven Clark,CO
267,Jacqueline Cole,NC
268,Claudia Garcia,FL
269,James Tyler,DE
270,Alexander Mendoza,MS
271,John Armstrong,ID
272,Dawn Taylor,ME
273,Samuel Stevens,WA
274,Yolanda Fields,AK
275,Christy Garrison,WI
276,Jonathan Lynch,AK
277,Michelle Brown,IA
278,Charles Bryan,GA
279,Loretta Bell,WA
280,Alexis Schmitt,DC
281,Harry Williams,TX
282,Keith Mullins,DE
283,Tanya Leach,SD
284,Douglas Russell,ME
285,Shannon Kent,CA
286,Alison Blackwell,SC
287,Jared Medina,KS
288,Eddie Vasquez,IA
289,Kathy Lewis,AR
290,Rachael Sanchez,MA
291,Todd Bartlett,WY
292,Joshua Rose,MN
293,Ashley Davis,ID
294,Stephanie Rodriguez,MA
295,Matthew Wiggins,CT
296,Monica Vasquez,MI
297,Cindy Smith,MA
298,Frank Miller,NY
299,Maria Pierce,GA
300,Cathy Fisher,MS
301,Mark Williams,NJ
302,Kathleen Phillips,MS
303,Dr. Isaac Moore,MI
304,Erin Campbell,CT
305,Chelsea Williams,NH
306,Steven Greer,DE
307,Sara Lopez,WA
308,Joshua Callahan,ID
309,Harry Harper,ME
310,Brian Ford,WY
311,Molly Jackson,KY
312,Larry Cardenas,ME
313,David Reyes,ID
314,Vanessa Collins,SC
315,Joshua Crawford,OH
316,Brandon Marshall,NM
317,Jackie Newman,FL
318,Bruce Hatfield,MO
319,Ryan Smith,IL
320,Allison Howell,NH
321,Edward Reid,AZ
322,Rodney May,MD
323,Eric Martinez,RI
324,Brandi Bell,MA
325,Emily Torres,LA
326,James Stewart,NC
327,Shane Williams,TX
328,Michelle Lawson,IN
329,Jason Knox,IA
330,Bruce Johnson,MI
331,Betty Stevens,OK
332,Dawn Jackson,IN
333,Natalie Davis,NM
334,Pamela Gregory,NC
335,Stephanie Hoffman,MD
336,Walter Davenport,SC
337,Marcus Thompson,MS
338,Gary Mueller,CA
339,Edward Harris,WI
340,Isabel Hayes,OK
341,Robert Hayes,FL
342,Amy Graham,AR
343,Bryan Conway,DE
344,Joshua Parsons,NY
345,Brian Wilkins,NJ
346,Tracey Perry,VT
347,Yolanda Gardner,AL
348,Courtney Davis,WY
349,Robert Lara,WY
350,Brian Ferrell,WV
351,Patrick Guerra,NV
352,Mike Meyer,OK
353,Andre Meyer,OR
354,Kelly Carter,OK
355,Joan Gilbert,KY
356,Adam Hodge,IN
357,Jeremy Smith,NM
358,Pamela Young,MN
359,Gary Estrada,UT
360,Terry Gray,OK
361,Casey Harris,NM
362,Kathleen Bennett,ME
363,James Anderson,MN
364,Richard Wheeler,MI
365,Jeffrey Nichols,OH
366,Amanda Murray,MI
367,Victoria Stark,OK
368,Henry Yang,HI
369,Madison May,IA
370,Laura Lee,WA
371,Elizabeth Wilson,MD
372,Mrs. Stephanie Burns,VT
373,Peter Neal,CT
374,Kelsey Fuller,CA
375,Suzanne Campbell,AZ
376,William Santos,IN
377,Brent Sanchez,AK
378,Daniel Bell,MN
379,Jessica Young,NY
380,Emily Rogers,DE
381,Sandra Bennett,IA
382,Andrew Rodriguez,CT
383,Devin Kelly,MO
384,Benjamin Johnson,TN
385,Sara Watkins,NY
386,Sarah Decker,HI
387,Jennifer Chan,CT
388,Rhonda Johnson,NY
389,Amanda Schaefer,DC
390,Juan Chapman,AR
391,Steven Bryant,MA
392,Ronald Nichols,PA
393,Amy Murray,TX
394,Courtney Cook,AZ
395,John Moore,HI
396,Joel Long,GA
397,Joseph Jenkins,WV
398,Ryan Larson,CT
399,Kayla Smith,OR
400,Briana Brown,NH
401,Samantha Rowe,IN
402,Amy Benson,ID
403,Philip Green,CO
404,Scott Mendoza,TX
405,Debra Ferguson,CT
406,Jessica Dunn,WI
407,Todd Smith,DC
408,Daniel Buchanan,NE
409,Michael Flores,GA
410,Dustin Reynolds,MD
411,Benjamin Lewis,KS
412,Ashley Calderon,IA
413,Michael Williamson,IL
414,Robert Nelson,NJ
415,Mark Davis,TN
416,Suzanne Moore,WV
417,Kelly Hart,RI
418,Danny Castro,OH
419,Kathy Anderson DDS,NH
420,Kyle Walker,WV
421,Wayne Rice,ME
422,Kenneth Herman,ME
423,Daniel Fuller,SC
424,Melinda Vega,OK
425,James Barber,OR
426,Kirk Ramirez II,IA
427,Ryan Hughes,HI
428,Gregory Williams,KS
429,Vincent Patel,CA
430,Becky Zavala,NM
431,William Lopez,IN
432,Charles Hart,NH
433,Ricky Dawson,PA
434,Felicia Moreno,MD
435,Angela Johnson,GA
436,James Riggs,IA
437,Nicole Harris,NY
438,Veronica Cantu,AK
439,Linda Pope,PA
440,Randy Newman,IL
441,Harold Dillon,MT
442,Frank Dixon,ME
443,Regina Martinez,AK
444,Howard Grant,GA
445,Michael Cox,HI
446,Kylie House,IL
447,James Swanson,OK
448,Pamela Cole,ME
449,Katrina Anderson,MT
450,Joshua West,CA
451,Sandra Kennedy,TX
452,Autumn Burton,NC
453,Adrienne Hoffman,OH
454,Jose Williams,NH
455,Steven Anderson,MI
456,Olivia Young,GA
457,Rose Castaneda,NH
458,Heather Vincent MD,TN
459,Lori Buckley,IL
460,Shannon Brown,VA
461,Emily Gonzalez,ME
462,David King,VA
463,Marissa Ward,IL
464,Emily Martin,DE
465,Samantha Williams,CA
466,Vanessa Barber,AZ
467,William Mills,ND
468,Joan Johnson,AL
469,Kenneth Morse,NC
470,Jennifer Ferguson,MI
471,Amy Villanueva,AK
472,Brandon Jones,OK
473,Kimberly Hernandez,CO
474,Desiree Harmon,NH
475,Michelle Foster,TX
476,Maria White,MO
477,Yolanda Jensen,MS
478,Christine Gray,NY
479,Heidi Lopez,OR
480,Jennifer Reynolds,ND
481,Cheryl Miller,WY
482,Shannon Barton,TX
483,John Johnson,CA
484,William Tran,NC
485,Crystal Morales,HI
486,Gary Garza,SD
487,Joshua Warren,ND
488,Amber Harris,VT
489,Andrew Kidd,AK
490,Sabrina Wood,LA
491,Rebecca Day,WA
492,Sarah Lopez,KY
493,Veronica Perez,TN
494,Brenda Young,VT
495,Kristin Simmons,KY
496,Daniel Welch,PA
497,Patrick Williams,LA
498,Thomas Williams,MI
499,Sarah Murillo,FL
500,Jennifer Carney,AR
